,Article,Total_clicks
0,0,2
1,1,7
2,2,3
3,3,9
4,4,8
5,5,5
6,6,7
7,7,7
8,8,3
9,9,4
10,10,5
11,11,7
12,12,4
13,13,5
14,14,5
15,15,4
16,16,2
17,17,8
18,18,6
19,19,6
20,20,5
21,21,5
22,22,4
23,23,5
24,24,9
25,25,5
26,26,2
27,27,2
28,28,7
29,29,4
30,30,8
31,31,5
32,32,2
33,33,1
34,34,3
35,35,3
36,36,5
37,37,4
38,38,6
39,39,3
40,40,3
41,41,5
42,42,7
43,43,6
44,44,3
45,45,1
46,46,4
47,47,4
48,48,5
49,49,6
50,50,3
51,51,4
52,52,11
53,53,6
54,54,6
55,55,4
56,56,6
57,57,8
58,58,6
59,59,8
60,60,3
61,61,7
62,62,5
63,63,8
64,64,6
65,65,9
66,66,10
67,67,11
68,68,1
69,69,3
70,70,6
71,71,5
72,72,3
73,73,9
74,74,7
75,75,4
76,76,6
77,77,7
78,78,6
79,79,6
80,80,7
81,81,7
82,82,8
83,83,2
84,84,6
85,85,8
86,86,7
87,87,2
88,88,3
89,89,6
90,90,7
91,91,5
92,92,4
93,93,2
94,94,3
95,95,7
96,96,6
97,97,4
98,98,7
99,99,8
100,100,10
101,101,3
102,102,6
103,103,3
104,104,3
105,105,1
106,106,1
107,107,11
108,108,6
109,109,5
110,110,4
111,111,9
112,112,7
113,113,3
114,114,5
115,115,4
116,116,3
117,117,3
118,118,4
119,119,4
120,120,6
121,121,7
122,122,3
123,123,4
124,124,4
125,125,6
126,126,8
127,127,3
128,128,6
129,129,5
130,130,6
131,131,4
132,132,2
133,133,4
134,134,4
135,135,8
136,136,3
137,137,6
138,138,4
139,139,6
140,140,3
141,141,5
142,142,6
143,143,4
144,144,4
145,145,8
146,146,4
147,147,7
148,148,3
149,149,4
150,150,5
151,151,5
152,152,8
153,153,9
154,154,5
155,155,5
156,156,6
157,157,7
158,158,6
159,159,6
160,160,3
161,161,8
162,162,9
163,163,8
164,164,5
165,165,5
166,166,6
167,167,5
168,168,6
169,169,6
170,170,2
171,171,7
172,172,7
173,173,6
174,174,4
175,175,7
176,176,6
177,177,1
178,178,4
179,179,3
180,180,2
181,181,6
182,182,3
183,183,2
184,184,5
185,185,4
186,186,6
187,187,10
188,188,9
189,189,7
190,190,10
191,191,8
192,192,9
193,193,4
194,194,11
195,195,6
196,196,9
197,197,3
198,198,3
199,199,7
200,200,6
201,201,6
202,202,10
203,203,4
204,204,5
205,205,9
206,206,7
207,207,5
208,208,8
209,209,4
210,210,13
211,211,9
212,212,3
213,213,5
214,214,4
215,215,5
216,216,6
217,217,5
218,218,3
219,219,5
220,220,4
221,221,5
222,222,7
223,223,6
224,224,7
225,225,7
226,226,10
227,227,6
228,228,6
229,229,6
230,230,6
231,231,3
232,232,2
233,233,5
234,234,5
235,235,5
236,236,4
237,237,4
238,238,4
239,239,2
240,240,6
241,241,9
242,242,8
243,243,5
244,244,4
245,245,5
246,246,11
247,247,5
248,248,4
249,249,1
250,250,7
251,251,8
252,252,6
253,253,9
254,254,4
255,255,4
256,256,6
257,257,7
258,258,6
259,259,8
260,260,4
261,261,7
262,262,5
263,263,7
264,264,6
265,265,4
266,266,3
267,267,3
268,268,4
269,269,8
270,270,6
271,271,4
272,272,4
273,273,8
274,274,4
275,275,3
276,276,2
277,277,5
278,278,7
279,279,6
280,280,5
281,281,8
282,282,3
283,283,9
284,284,4
285,285,4
286,286,5
287,287,9
288,288,5
289,289,5
290,290,7
291,291,5
292,292,3
293,293,9
294,294,5
295,295,4
296,296,8
297,297,2
298,298,7
299,299,4
300,300,7
301,301,5
302,302,6
303,303,7
304,304,4
305,305,5
306,306,5
307,307,6
308,308,5
309,309,5
310,310,5
311,311,4
312,312,7
313,313,4
314,314,2
315,315,7
316,316,4
317,317,1
318,318,10
319,319,6
320,320,6
321,321,2
322,322,6
323,323,4
324,324,5
325,325,8
326,326,5
327,327,4
328,328,6
329,329,7
330,330,2
331,331,3
332,332,9
333,333,6
334,334,7
335,335,5
336,336,5
337,337,7
338,338,4
339,339,11
340,340,7
341,341,4
342,342,8
343,343,7
344,344,8
345,345,4
346,346,9
347,347,4
348,348,4
349,349,10
350,350,9
351,351,2
352,352,8
353,353,4
354,354,6
355,355,7
356,356,4
357,357,2
358,358,9
359,359,5
360,360,13
361,361,4
362,362,10
363,363,5
364,364,10
365,365,8
366,366,5
367,367,4
368,368,2
369,369,8
370,370,5
371,371,2
372,372,5
373,373,6
374,374,6
375,375,5
376,376,5
377,377,3
378,378,9
379,379,10
380,380,6
381,381,7
382,382,4
383,383,9
384,384,5
385,385,3
386,386,6
387,387,8
388,388,6
389,389,4
390,390,1
391,391,9
392,392,4
393,393,6
394,394,3
395,395,5
396,396,5
397,397,7
398,398,8
399,399,5
400,400,7
401,401,5
402,402,4
403,403,11
404,404,4
405,405,7
406,406,3
407,407,7
408,408,5
409,409,2
410,410,0
411,411,4
412,412,7
413,413,4
414,414,1
415,415,7
416,416,9
417,417,6
418,418,3
419,419,11
420,420,4
421,421,8
422,422,6
423,423,9
424,424,8
425,425,7
426,426,4
427,427,5
428,428,4
429,429,8
430,430,6
431,431,1
432,432,8
433,433,7
434,434,5
435,435,3
436,436,3
437,437,6
438,438,8
439,439,1
440,440,3
441,441,8
442,442,4
443,443,7
444,444,7
445,445,8
446,446,4
447,447,8
448,448,3
449,449,5
450,450,6
451,451,7
452,452,5
453,453,4
454,454,4
455,455,7
456,456,5
457,457,4
458,458,6
459,459,5
460,460,8
461,461,6
462,462,5
463,463,7
464,464,6
465,465,6
466,466,4
467,467,7
468,468,7
469,469,5
470,470,6
471,471,7
472,472,4
473,473,6
474,474,2
475,475,1
476,476,6
477,477,4
478,478,9
479,479,8
480,480,4
481,481,3
482,482,4
483,483,6
484,484,5
485,485,5
486,486,6
487,487,4
488,488,4
489,489,10
490,490,5
491,491,6
492,492,5
493,493,7
494,494,11
495,495,4
496,496,5
497,497,10
498,498,9
499,499,3
500,500,3
501,501,7
502,502,7
503,503,8
504,504,7
505,505,3
506,506,5
507,507,10
508,508,8
509,509,5
510,510,6
511,511,9
512,512,2
513,513,6
514,514,5
515,515,6
516,516,6
517,517,6
518,518,7
519,519,6
520,520,6
521,521,3
522,522,6
523,523,3
524,524,9
525,525,4
526,526,6
527,527,5
528,528,6
529,529,6
530,530,7
531,531,2
532,532,7
533,533,7
534,534,5
535,535,2
536,536,7
537,537,5
538,538,6
539,539,3
540,540,9
541,541,6
542,542,8
543,543,5
544,544,4
545,545,3
546,546,4
547,547,6
548,548,10
549,549,1
550,550,8
551,551,5
552,552,7
553,553,9
554,554,5
555,555,3
556,556,6
557,557,8
558,558,10
559,559,2
560,560,1
561,561,6
562,562,8
563,563,7
564,564,6
565,565,7
566,566,7
567,567,5
568,568,6
569,569,8
570,570,5
571,571,4
572,572,6
573,573,4
574,574,6
575,575,7
576,576,7
577,577,8
578,578,4
579,579,3
580,580,4
581,581,7
582,582,10
583,583,4
584,584,9
585,585,6
586,586,5
587,587,2
588,588,5
589,589,5
590,590,6
591,591,4
592,592,4
593,593,4
594,594,5
595,595,6
596,596,5
597,597,9
598,598,13
599,599,7
600,600,2
601,601,5
602,602,5
603,603,8
604,604,9
605,605,3
606,606,7
607,607,3
608,608,6
609,609,4
610,610,8
611,611,8
612,612,5
613,613,7
614,614,6
615,615,9
616,616,2
617,617,5
618,618,6
619,619,9
620,620,8
621,621,5
622,622,4
623,623,5
624,624,7
625,625,3
626,626,6
627,627,2
628,628,4
629,629,4
630,630,6
631,631,3
632,632,6
633,633,5
634,634,10
635,635,3
636,636,3
637,637,4
638,638,5
639,639,7
640,640,8
641,641,6
642,642,7
643,643,3
644,644,9
645,645,3
646,646,6
647,647,1
648,648,6
649,649,4
650,650,5
651,651,2
652,652,6
653,653,3
654,654,3
655,655,4
656,656,9
657,657,5
658,658,9
659,659,3
660,660,3
661,661,5
662,662,7
663,663,7
664,664,2
665,665,4
666,666,6
667,667,5
668,668,7
669,669,4
670,670,5
671,671,5
672,672,5
673,673,6
674,674,10
675,675,5
676,676,5
677,677,2
678,678,4
679,679,6
680,680,6
681,681,5
682,682,6
683,683,7
684,684,6
685,685,8
686,686,9
687,687,5
688,688,6
689,689,4
690,690,7
691,691,7
692,692,4
693,693,4
694,694,7
695,695,7
696,696,4
697,697,7
698,698,5
699,699,8
700,700,8
701,701,5
702,702,4
703,703,4
704,704,5
705,705,3
706,706,8
707,707,5
708,708,4
709,709,5
710,710,4
711,711,4
712,712,3
713,713,5
714,714,2
715,715,2
716,716,3
717,717,6
718,718,6
719,719,6
720,720,8
721,721,4
722,722,7
723,723,2
724,724,5
725,725,9
726,726,6
727,727,6
728,728,8
729,729,5
730,730,6
731,731,4
732,732,4
733,733,4
734,734,5
735,735,5
736,736,5
737,737,7
738,738,4
739,739,5
740,740,8
741,741,5
742,742,6
743,743,4
744,744,8
745,745,10
746,746,6
747,747,8
748,748,10
749,749,5
750,750,8
751,751,4
752,752,4
753,753,4
754,754,3
755,755,6
756,756,2
757,757,3
758,758,4
759,759,7
760,760,3
761,761,6
762,762,3
763,763,9
764,764,6
765,765,5
766,766,6
767,767,6
768,768,7
769,769,6
770,770,5
771,771,6
772,772,4
773,773,6
774,774,6
775,775,7
776,776,9
777,777,5
778,778,5
779,779,5
780,780,8
781,781,6
782,782,6
783,783,1
784,784,2
785,785,3
786,786,2
787,787,8
788,788,5
789,789,5
790,790,7
791,791,5
792,792,4
793,793,6
794,794,4
795,795,3
796,796,5
797,797,7
798,798,5
799,799,8
800,800,4
801,801,8
802,802,5
803,803,6
804,804,6
805,805,5
806,806,5
807,807,3
808,808,5
809,809,6
810,810,3
811,811,4
812,812,3
813,813,2
814,814,5
815,815,1
816,816,9
817,817,3
818,818,6
819,819,5
820,820,5
821,821,4
822,822,6
823,823,4
824,824,2
825,825,5
826,826,4
827,827,7
828,828,8
829,829,5
830,830,7
831,831,7
832,832,4
833,833,4
834,834,5
835,835,9
836,836,6
837,837,3
838,838,6
839,839,5
840,840,9
841,841,5
842,842,4
843,843,6
844,844,6
845,845,1
846,846,5
847,847,2
848,848,7
849,849,3
850,850,7
851,851,5
852,852,4
853,853,6
854,854,8
855,855,7
856,856,7
857,857,5
858,858,9
859,859,6
860,860,6
861,861,7
862,862,6
863,863,4
864,864,10
865,865,3
866,866,5
867,867,5
868,868,6
869,869,5
870,870,3
871,871,6
872,872,7
873,873,3
874,874,6
875,875,6
876,876,4
877,877,3
878,878,9
879,879,4
880,880,4
881,881,4
882,882,4
883,883,6
884,884,3
885,885,4
886,886,5
887,887,9
888,888,7
889,889,4
890,890,5
891,891,8
892,892,6
893,893,6
894,894,4
895,895,4
896,896,8
897,897,4
898,898,12
899,899,6
900,900,6
901,901,5
902,902,5
903,903,6
904,904,4
905,905,6
906,906,3
907,907,3
908,908,9
909,909,2
910,910,4
911,911,7
912,912,2
913,913,5
914,914,5
915,915,13
916,916,7
917,917,4
918,918,8
919,919,6
920,920,5
921,921,2
922,922,8
923,923,6
924,924,7
925,925,3
926,926,9
927,927,3
928,928,9
929,929,10
930,930,3
931,931,6
932,932,7
933,933,8
934,934,3
935,935,8
936,936,7
937,937,4
938,938,3
939,939,3
940,940,7
941,941,3
942,942,4
943,943,8
944,944,5
945,945,5
946,946,5
947,947,5
948,948,8
949,949,1
950,950,6
951,951,5
952,952,7
953,953,7
954,954,2
955,955,7
956,956,7
957,957,3
958,958,4
959,959,9
960,960,5
961,961,9
962,962,6
963,963,3
964,964,4
965,965,7
966,966,7
967,967,5
968,968,4
969,969,4
970,970,5
971,971,3
972,972,7
973,973,3
974,974,9
975,975,5
976,976,8
977,977,7
978,978,6
979,979,5
980,980,4
981,981,7
982,982,7
983,983,6
984,984,6
985,985,4
986,986,5
987,987,6
988,988,9
989,989,5
990,990,6
991,991,4
992,992,7
993,993,8
994,994,3
995,995,8
996,996,4
997,997,7
998,998,5
999,999,6
1000,1000,5
1001,1001,7
1002,1002,5
1003,1003,2
1004,1004,3
1005,1005,8
1006,1006,3
1007,1007,8
1008,1008,9
1009,1009,7
1010,1010,7
1011,1011,2
1012,1012,5
1013,1013,4
1014,1014,4
1015,1015,2
1016,1016,5
1017,1017,5
1018,1018,4
1019,1019,8
1020,1020,4
1021,1021,7
1022,1022,6
1023,1023,11
1024,1024,10
1025,1025,9
1026,1026,7
1027,1027,7
1028,1028,7
1029,1029,4
1030,1030,4
1031,1031,5
1032,1032,4
1033,1033,6
1034,1034,2
1035,1035,2
1036,1036,5
1037,1037,5
1038,1038,5
1039,1039,2
1040,1040,4
1041,1041,8
1042,1042,8
1043,1043,10
1044,1044,8
1045,1045,5
1046,1046,2
1047,1047,7
1048,1048,4
1049,1049,1
1050,1050,5
1051,1051,5
1052,1052,4
1053,1053,7
1054,1054,8
1055,1055,3
1056,1056,5
1057,1057,6
1058,1058,7
1059,1059,4
1060,1060,4
1061,1061,8
1062,1062,6
1063,1063,6
1064,1064,4
1065,1065,5
1066,1066,5
1067,1067,5
1068,1068,10
1069,1069,5
1070,1070,7
1071,1071,2
1072,1072,5
1073,1073,7
1074,1074,9
1075,1075,7
1076,1076,4
1077,1077,5
1078,1078,9
1079,1079,5
1080,1080,8
1081,1081,6
1082,1082,4
1083,1083,11
1084,1084,3
1085,1085,4
1086,1086,2
1087,1087,4
1088,1088,8
1089,1089,4
1090,1090,7
1091,1091,7
1092,1092,6
1093,1093,8
1094,1094,2
1095,1095,4
1096,1096,7
1097,1097,4
1098,1098,6
1099,1099,5
1100,1100,3
1101,1101,10
1102,1102,5
1103,1103,5
1104,1104,4
1105,1105,7
1106,1106,2
1107,1107,4
1108,1108,7
1109,1109,5
1110,1110,6
1111,1111,6
1112,1112,5
1113,1113,3
1114,1114,3
1115,1115,4
1116,1116,5
1117,1117,6
1118,1118,4
1119,1119,9
1120,1120,6
1121,1121,7
1122,1122,7
1123,1123,8
1124,1124,4
1125,1125,3
1126,1126,2
1127,1127,4
1128,1128,4
1129,1129,5
1130,1130,5
1131,1131,9
1132,1132,7
1133,1133,5
1134,1134,4
1135,1135,8
1136,1136,7
1137,1137,3
1138,1138,3
1139,1139,4
1140,1140,7
1141,1141,3
1142,1142,6
1143,1143,7
1144,1144,7
1145,1145,7
1146,1146,6
1147,1147,7
1148,1148,9
1149,1149,7
1150,1150,7
1151,1151,2
1152,1152,8
1153,1153,5
1154,1154,5
1155,1155,4
1156,1156,7
1157,1157,6
1158,1158,7
1159,1159,5
1160,1160,11
1161,1161,6
1162,1162,6
1163,1163,5
1164,1164,4
1165,1165,6
1166,1166,5
1167,1167,3
1168,1168,8
1169,1169,5
1170,1170,4
1171,1171,7
1172,1172,6
1173,1173,9
1174,1174,7
1175,1175,4
1176,1176,5
1177,1177,4
1178,1178,10
1179,1179,4
1180,1180,9
1181,1181,4
1182,1182,9
1183,1183,7
1184,1184,7
1185,1185,6
1186,1186,6
1187,1187,5
1188,1188,3
1189,1189,4
1190,1190,5
1191,1191,3
1192,1192,3
1193,1193,2
1194,1194,5
1195,1195,8
1196,1196,2
1197,1197,5
1198,1198,7
1199,1199,4
1200,1200,2
1201,1201,7
1202,1202,4
1203,1203,6
1204,1204,3
1205,1205,3
1206,1206,9
1207,1207,8
1208,1208,4
1209,1209,7
1210,1210,8
1211,1211,4
1212,1212,9
1213,1213,4
1214,1214,7
1215,1215,7
1216,1216,3
1217,1217,9
1218,1218,7
1219,1219,5
1220,1220,11
1221,1221,5
1222,1222,6
1223,1223,2
1224,1224,3
1225,1225,7
1226,1226,6
1227,1227,11
1228,1228,9
1229,1229,4
1230,1230,3
1231,1231,4
1232,1232,9
1233,1233,5
1234,1234,4
1235,1235,6
1236,1236,6
1237,1237,4
1238,1238,6
1239,1239,4
1240,1240,3
1241,1241,5
1242,1242,6
1243,1243,7
1244,1244,5
1245,1245,6
1246,1246,4
1247,1247,6
1248,1248,3
1249,1249,6
1250,1250,7
1251,1251,4
1252,1252,5
1253,1253,7
1254,1254,5
1255,1255,3
1256,1256,5
1257,1257,6
1258,1258,7
1259,1259,9
1260,1260,8
1261,1261,5
1262,1262,7
1263,1263,7
1264,1264,5
1265,1265,6
1266,1266,3
1267,1267,5
1268,1268,6
1269,1269,6
1270,1270,3
1271,1271,6
1272,1272,6
1273,1273,5
1274,1274,7
1275,1275,4
1276,1276,6
1277,1277,8
1278,1278,6
1279,1279,2
1280,1280,5
1281,1281,6
1282,1282,8
1283,1283,7
1284,1284,8
1285,1285,6
1286,1286,9
1287,1287,8
1288,1288,5
1289,1289,6
1290,1290,9
1291,1291,4
1292,1292,4
1293,1293,3
1294,1294,4
1295,1295,5
1296,1296,1
1297,1297,4
1298,1298,4
1299,1299,4
1300,1300,4
1301,1301,7
1302,1302,8
1303,1303,4
1304,1304,4
1305,1305,7
1306,1306,4
1307,1307,8
1308,1308,6
1309,1309,8
1310,1310,6
1311,1311,10
1312,1312,4
1313,1313,5
1314,1314,4
1315,1315,5
1316,1316,4
1317,1317,2
1318,1318,4
1319,1319,2
1320,1320,5
1321,1321,5
1322,1322,5
1323,1323,6
1324,1324,5
1325,1325,5
1326,1326,8
1327,1327,3
1328,1328,2
1329,1329,6
1330,1330,4
1331,1331,4
1332,1332,7
1333,1333,5
1334,1334,5
1335,1335,6
1336,1336,6
1337,1337,4
1338,1338,4
1339,1339,3
1340,1340,2
1341,1341,2
1342,1342,7
1343,1343,5
1344,1344,5
1345,1345,2
1346,1346,7
1347,1347,8
1348,1348,6
1349,1349,5
1350,1350,8
1351,1351,7
1352,1352,4
1353,1353,4
1354,1354,5
1355,1355,5
1356,1356,6
1357,1357,7
1358,1358,5
1359,1359,9
1360,1360,7
1361,1361,3
1362,1362,4
1363,1363,2
1364,1364,6
1365,1365,6
1366,1366,5
1367,1367,7
1368,1368,3
1369,1369,6
1370,1370,5
1371,1371,2
1372,1372,7
1373,1373,7
1374,1374,3
1375,1375,5
1376,1376,5
1377,1377,1
1378,1378,4
1379,1379,6
1380,1380,7
1381,1381,6
1382,1382,6
1383,1383,5
1384,1384,7
1385,1385,7
1386,1386,7
1387,1387,8
1388,1388,3
1389,1389,7
1390,1390,8
1391,1391,8
1392,1392,1
1393,1393,4
1394,1394,4
1395,1395,1
1396,1396,7
1397,1397,4
1398,1398,6
1399,1399,9
1400,1400,11
1401,1401,6
1402,1402,4
1403,1403,6
1404,1404,7
1405,1405,7
1406,1406,5
1407,1407,7
1408,1408,5
1409,1409,4
1410,1410,5
1411,1411,3
1412,1412,8
1413,1413,12
1414,1414,5
1415,1415,2
1416,1416,4
1417,1417,5
1418,1418,5
1419,1419,4
1420,1420,3
1421,1421,4
1422,1422,1
1423,1423,5
1424,1424,3
1425,1425,8
1426,1426,4
1427,1427,10
1428,1428,2
1429,1429,9
1430,1430,5
1431,1431,11
1432,1432,3
1433,1433,5
1434,1434,4
1435,1435,6
1436,1436,4
1437,1437,11
1438,1438,5
1439,1439,6
1440,1440,6
1441,1441,4
1442,1442,7
1443,1443,2
1444,1444,5
1445,1445,3
1446,1446,2
1447,1447,9
1448,1448,7
1449,1449,4
1450,1450,3
1451,1451,5
1452,1452,6
1453,1453,10
1454,1454,6
1455,1455,5
1456,1456,7
1457,1457,5
1458,1458,2
1459,1459,7
1460,1460,10
1461,1461,1
1462,1462,4
1463,1463,7
1464,1464,8
1465,1465,5
1466,1466,6
1467,1467,6
1468,1468,5
1469,1469,5
1470,1470,4
1471,1471,1
1472,1472,4
1473,1473,7
1474,1474,6
1475,1475,6
1476,1476,7
1477,1477,4
1478,1478,4
1479,1479,8
1480,1480,3
1481,1481,9
1482,1482,2
1483,1483,10
1484,1484,3
1485,1485,8
1486,1486,5
1487,1487,9
1488,1488,6
1489,1489,8
1490,1490,6
1491,1491,5
1492,1492,5
1493,1493,4
1494,1494,5
1495,1495,7
1496,1496,3
1497,1497,1
1498,1498,4
1499,1499,7
1500,1500,7
1501,1501,5
1502,1502,4
1503,1503,4
1504,1504,7
1505,1505,7
1506,1506,6
1507,1507,5
1508,1508,5
1509,1509,5
1510,1510,10
1511,1511,10
1512,1512,5
1513,1513,7
1514,1514,5
1515,1515,8
1516,1516,4
1517,1517,5
1518,1518,4
1519,1519,4
1520,1520,3
1521,1521,8
1522,1522,6
1523,1523,5
1524,1524,6
1525,1525,5
1526,1526,7
1527,1527,5
1528,1528,3
1529,1529,4
1530,1530,4
1531,1531,7
1532,1532,5
1533,1533,6
1534,1534,8
1535,1535,9
1536,1536,5
1537,1537,4
1538,1538,5
1539,1539,5
1540,1540,5
1541,1541,5
1542,1542,1
1543,1543,8
1544,1544,3
1545,1545,6
1546,1546,7
1547,1547,6
1548,1548,6
1549,1549,6
1550,1550,6
1551,1551,6
1552,1552,4
1553,1553,6
1554,1554,7
1555,1555,4
1556,1556,6
1557,1557,2
1558,1558,6
1559,1559,4
1560,1560,5
1561,1561,7
1562,1562,4
1563,1563,1
1564,1564,7
1565,1565,2
1566,1566,7
1567,1567,7
1568,1568,3
1569,1569,5
1570,1570,10
1571,1571,5
1572,1572,3
1573,1573,2
1574,1574,8
1575,1575,6
1576,1576,7
1577,1577,4
1578,1578,7
1579,1579,9
1580,1580,6
1581,1581,3
1582,1582,3
1583,1583,6
1584,1584,5
1585,1585,7
1586,1586,10
1587,1587,4
1588,1588,4
1589,1589,5
1590,1590,6
1591,1591,6
1592,1592,3
1593,1593,5
1594,1594,3
1595,1595,2
1596,1596,4
1597,1597,1
1598,1598,7
1599,1599,8
1600,1600,4
1601,1601,2
1602,1602,5
1603,1603,4
1604,1604,8
1605,1605,1
1606,1606,6
1607,1607,7
1608,1608,8
1609,1609,4
1610,1610,3
1611,1611,5
1612,1612,6
1613,1613,4
1614,1614,5
1615,1615,2
1616,1616,3
1617,1617,6
1618,1618,3
1619,1619,3
1620,1620,10
1621,1621,5
1622,1622,4
1623,1623,6
1624,1624,9
1625,1625,3
1626,1626,6
1627,1627,6
1628,1628,9
1629,1629,4
1630,1630,8
1631,1631,6
1632,1632,8
1633,1633,7
1634,1634,7
1635,1635,4
1636,1636,2
1637,1637,5
1638,1638,7
1639,1639,7
1640,1640,7
1641,1641,6
1642,1642,4
1643,1643,7
1644,1644,5
1645,1645,7
1646,1646,7
1647,1647,5
1648,1648,7
1649,1649,3
1650,1650,2
1651,1651,6
1652,1652,4
1653,1653,6
1654,1654,8
1655,1655,8
1656,1656,6
1657,1657,7
1658,1658,7
1659,1659,2
1660,1660,9
1661,1661,2
1662,1662,6
1663,1663,3
1664,1664,6
1665,1665,5
1666,1666,6
1667,1667,5
1668,1668,4
1669,1669,6
1670,1670,6
1671,1671,9
1672,1672,11
1673,1673,7
1674,1674,4
1675,1675,8
1676,1676,5
1677,1677,6
1678,1678,5
1679,1679,4
1680,1680,6
1681,1681,8
1682,1682,9
1683,1683,3
1684,1684,5
1685,1685,7
1686,1686,2
1687,1687,6
1688,1688,5
1689,1689,3
1690,1690,2
1691,1691,6
1692,1692,6
1693,1693,6
1694,1694,5
1695,1695,6
1696,1696,8
1697,1697,4
1698,1698,9
1699,1699,11
1700,1700,7
1701,1701,6
1702,1702,4
1703,1703,2
1704,1704,10
1705,1705,4
1706,1706,10
1707,1707,8
1708,1708,4
1709,1709,5
1710,1710,4
1711,1711,5
1712,1712,5
1713,1713,5
1714,1714,6
1715,1715,4
1716,1716,4
1717,1717,4
1718,1718,6
1719,1719,8
1720,1720,7
1721,1721,6
1722,1722,5
1723,1723,2
1724,1724,3
1725,1725,2
1726,1726,7
1727,1727,11
1728,1728,2
1729,1729,7
1730,1730,4
1731,1731,5
1732,1732,4
1733,1733,6
1734,1734,7
1735,1735,4
1736,1736,5
1737,1737,4
1738,1738,6
1739,1739,5
1740,1740,6
1741,1741,4
1742,1742,5
1743,1743,4
1744,1744,9
1745,1745,6
1746,1746,10
1747,1747,3
1748,1748,7
1749,1749,6
1750,1750,7
1751,1751,4
1752,1752,1
1753,1753,5
1754,1754,9
1755,1755,6
1756,1756,5
1757,1757,8
1758,1758,3
1759,1759,5
1760,1760,6
1761,1761,5
1762,1762,6
1763,1763,4
1764,1764,2
1765,1765,6
1766,1766,1
1767,1767,6
1768,1768,5
1769,1769,5
1770,1770,6
1771,1771,5
1772,1772,5
1773,1773,3
1774,1774,5
1775,1775,5
1776,1776,6
1777,1777,9
1778,1778,6
1779,1779,4
1780,1780,8
1781,1781,7
1782,1782,3
1783,1783,1
1784,1784,5
1785,1785,7
1786,1786,5
1787,1787,8
1788,1788,8
1789,1789,7
1790,1790,4
1791,1791,9
1792,1792,3
1793,1793,3
1794,1794,6
1795,1795,4
1796,1796,5
1797,1797,7
1798,1798,8
1799,1799,3
1800,1800,6
1801,1801,6
1802,1802,4
1803,1803,3
1804,1804,2
1805,1805,7
1806,1806,7
1807,1807,5
1808,1808,2
1809,1809,6
1810,1810,3
1811,1811,5
1812,1812,5
1813,1813,6
1814,1814,1
1815,1815,8
1816,1816,7
1817,1817,5
1818,1818,5
1819,1819,6
1820,1820,2
1821,1821,5
1822,1822,4
1823,1823,3
1824,1824,6
1825,1825,7
1826,1826,8
1827,1827,6
1828,1828,6
1829,1829,2
1830,1830,3
1831,1831,4
1832,1832,4
1833,1833,5
1834,1834,4
1835,1835,4
1836,1836,8
1837,1837,7
1838,1838,10
1839,1839,8
1840,1840,5
1841,1841,5
1842,1842,3
1843,1843,10
1844,1844,3
1845,1845,4
1846,1846,3
1847,1847,7
1848,1848,6
1849,1849,8
1850,1850,4
1851,1851,7
1852,1852,4
1853,1853,6
1854,1854,5
1855,1855,6
1856,1856,7
1857,1857,6
1858,1858,6
1859,1859,2
1860,1860,7
1861,1861,7
1862,1862,8
1863,1863,6
1864,1864,7
1865,1865,9
1866,1866,3
1867,1867,3
1868,1868,6
1869,1869,7
1870,1870,6
1871,1871,3
1872,1872,4
1873,1873,2
1874,1874,5
1875,1875,3
1876,1876,9
1877,1877,4
1878,1878,6
1879,1879,4
1880,1880,7
1881,1881,9
1882,1882,3
1883,1883,3
1884,1884,7
1885,1885,11
1886,1886,11
1887,1887,8
1888,1888,3
1889,1889,3
1890,1890,3
1891,1891,9
1892,1892,1
1893,1893,10
1894,1894,4
1895,1895,7
1896,1896,2
1897,1897,6
1898,1898,6
1899,1899,4
1900,1900,10
1901,1901,8
1902,1902,6
1903,1903,8
1904,1904,6
1905,1905,9
1906,1906,6
1907,1907,9
1908,1908,10
1909,1909,6
1910,1910,9
1911,1911,6
1912,1912,5
1913,1913,6
1914,1914,4
1915,1915,3
1916,1916,7
1917,1917,6
1918,1918,3
1919,1919,9
1920,1920,9
1921,1921,6
1922,1922,7
1923,1923,9
1924,1924,6
1925,1925,2
1926,1926,9
1927,1927,5
1928,1928,7
1929,1929,8
1930,1930,9
1931,1931,7
1932,1932,4
1933,1933,4
1934,1934,5
1935,1935,4
1936,1936,5
1937,1937,5
1938,1938,9
1939,1939,8
1940,1940,4
1941,1941,6
1942,1942,9
1943,1943,5
1944,1944,2
1945,1945,6
1946,1946,7
1947,1947,7
1948,1948,10
1949,1949,7
1950,1950,6
1951,1951,7
1952,1952,6
1953,1953,4
1954,1954,8
1955,1955,7
1956,1956,7
1957,1957,5
1958,1958,9
1959,1959,2
1960,1960,3
1961,1961,6
1962,1962,3
1963,1963,5
1964,1964,8
1965,1965,5
1966,1966,7
1967,1967,1
1968,1968,6
1969,1969,3
1970,1970,5
1971,1971,5
1972,1972,4
1973,1973,5
1974,1974,6
1975,1975,8
1976,1976,4
1977,1977,8
1978,1978,5
1979,1979,9
1980,1980,6
1981,1981,4
1982,1982,6
1983,1983,2
1984,1984,5
1985,1985,7
1986,1986,6
1987,1987,5
1988,1988,8
1989,1989,7
1990,1990,8
1991,1991,3
1992,1992,7
1993,1993,5
1994,1994,6
1995,1995,10
1996,1996,7
1997,1997,3
1998,1998,4
1999,1999,8
2000,2000,4
2001,2001,8
2002,2002,5
2003,2003,7
2004,2004,9
2005,2005,5
2006,2006,7
2007,2007,5
2008,2008,4
2009,2009,3
2010,2010,5
2011,2011,5
2012,2012,6
2013,2013,4
2014,2014,4
2015,2015,4
2016,2016,5
2017,2017,4
2018,2018,2
2019,2019,7
2020,2020,4
2021,2021,2
2022,2022,2
2023,2023,6
2024,2024,8
2025,2025,4
2026,2026,5
2027,2027,7
2028,2028,6
2029,2029,5
2030,2030,6
2031,2031,3
2032,2032,6
2033,2033,11
2034,2034,2
2035,2035,5
2036,2036,3
2037,2037,8
2038,2038,3
2039,2039,9
2040,2040,8
2041,2041,6
2042,2042,9
2043,2043,1
2044,2044,5
2045,2045,6
2046,2046,4
2047,2047,5
2048,2048,5
2049,2049,8
2050,2050,8
2051,2051,6
2052,2052,5
2053,2053,7
2054,2054,3
2055,2055,5
2056,2056,6
2057,2057,4
2058,2058,4
2059,2059,4
2060,2060,6
2061,2061,7
2062,2062,2
2063,2063,6
2064,2064,5
2065,2065,3
2066,2066,7
2067,2067,6
2068,2068,6
2069,2069,6
2070,2070,6
2071,2071,5
2072,2072,5
2073,2073,7
2074,2074,4
2075,2075,2
2076,2076,9
2077,2077,4
2078,2078,3
2079,2079,2
2080,2080,4
2081,2081,5
2082,2082,7
2083,2083,9
2084,2084,7
2085,2085,5
2086,2086,6
2087,2087,6
2088,2088,9
2089,2089,4
2090,2090,5
2091,2091,4
2092,2092,4
2093,2093,2
2094,2094,5
2095,2095,3
2096,2096,3
2097,2097,4
2098,2098,10
2099,2099,6
2100,2100,6
2101,2101,2
2102,2102,4
2103,2103,2
2104,2104,4
2105,2105,8
2106,2106,7
2107,2107,4
2108,2108,7
2109,2109,5
2110,2110,3
2111,2111,3
2112,2112,7
2113,2113,5
2114,2114,2
2115,2115,4
2116,2116,11
2117,2117,3
2118,2118,3
2119,2119,2
2120,2120,3
2121,2121,9
2122,2122,6
2123,2123,5
2124,2124,9
2125,2125,4
2126,2126,2
2127,2127,5
2128,2128,9
2129,2129,5
2130,2130,10
2131,2131,7
2132,2132,4
2133,2133,2
2134,2134,5
2135,2135,8
2136,2136,10
2137,2137,2
2138,2138,9
2139,2139,3
2140,2140,6
2141,2141,6
2142,2142,9
2143,2143,5
2144,2144,6
2145,2145,5
2146,2146,5
2147,2147,4
2148,2148,7
2149,2149,4
2150,2150,9
2151,2151,3
2152,2152,7
2153,2153,5
2154,2154,3
2155,2155,5
2156,2156,9
2157,2157,7
2158,2158,3
2159,2159,5
2160,2160,3
2161,2161,7
2162,2162,4
2163,2163,6
2164,2164,7
2165,2165,3
2166,2166,4
2167,2167,3
2168,2168,9
2169,2169,4
2170,2170,6
2171,2171,3
2172,2172,5
2173,2173,6
2174,2174,5
2175,2175,6
2176,2176,7
2177,2177,11
2178,2178,7
2179,2179,4
2180,2180,3
2181,2181,2
2182,2182,6
2183,2183,8
2184,2184,7
2185,2185,7
2186,2186,9
2187,2187,8
2188,2188,6
2189,2189,8
2190,2190,5
2191,2191,10
2192,2192,8
2193,2193,6
2194,2194,5
2195,2195,4
2196,2196,8
2197,2197,5
2198,2198,3
2199,2199,6
2200,2200,7
2201,2201,5
2202,2202,10
2203,2203,8
2204,2204,5
2205,2205,8
2206,2206,6
2207,2207,5
2208,2208,5
2209,2209,2
2210,2210,4
2211,2211,5
2212,2212,3
2213,2213,4
2214,2214,5
2215,2215,9
2216,2216,6
2217,2217,3
2218,2218,9
2219,2219,8
2220,2220,5
2221,2221,5
2222,2222,8
2223,2223,4
2224,2224,5
2225,2225,5
2226,2226,3
2227,2227,8
2228,2228,11
2229,2229,7
2230,2230,7
2231,2231,4
2232,2232,4
2233,2233,7
2234,2234,7
2235,2235,4
2236,2236,4
2237,2237,8
2238,2238,7
2239,2239,7
2240,2240,9
2241,2241,3
2242,2242,4
2243,2243,4
2244,2244,5
2245,2245,4
2246,2246,4
2247,2247,4
2248,2248,9
2249,2249,8
2250,2250,9
2251,2251,3
2252,2252,4
2253,2253,3
2254,2254,7
2255,2255,8
2256,2256,2
2257,2257,8
2258,2258,6
2259,2259,6
2260,2260,2
2261,2261,4
2262,2262,4
2263,2263,7
2264,2264,6
2265,2265,2
2266,2266,8
2267,2267,4
2268,2268,2
2269,2269,5
2270,2270,4
2271,2271,6
2272,2272,4
2273,2273,4
2274,2274,7
2275,2275,4
2276,2276,6
2277,2277,9
2278,2278,4
2279,2279,3
2280,2280,9
2281,2281,6
2282,2282,4
2283,2283,7
2284,2284,2
2285,2285,8
2286,2286,4
2287,2287,1
2288,2288,3
2289,2289,4
2290,2290,8
2291,2291,4
2292,2292,4
2293,2293,4
2294,2294,8
2295,2295,5
2296,2296,5
2297,2297,4
2298,2298,8
2299,2299,8
2300,2300,5
2301,2301,8
2302,2302,6
2303,2303,7
2304,2304,7
2305,2305,6
2306,2306,6
2307,2307,3
2308,2308,10
2309,2309,7
2310,2310,3
2311,2311,3
2312,2312,7
2313,2313,11
2314,2314,4
2315,2315,4
2316,2316,3
2317,2317,4
2318,2318,8
2319,2319,7
2320,2320,9
2321,2321,7
2322,2322,6
2323,2323,7
2324,2324,1
2325,2325,5
2326,2326,5
2327,2327,8
2328,2328,6
2329,2329,3
2330,2330,3
2331,2331,4
2332,2332,5
2333,2333,5
2334,2334,8
2335,2335,3
2336,2336,6
2337,2337,10
2338,2338,5
2339,2339,4
2340,2340,5
2341,2341,9
2342,2342,6
2343,2343,5
2344,2344,7
2345,2345,3
2346,2346,6
2347,2347,7
2348,2348,9
2349,2349,4
2350,2350,8
2351,2351,7
2352,2352,8
2353,2353,1
2354,2354,7
2355,2355,7
2356,2356,9
2357,2357,4
2358,2358,4
2359,2359,4
2360,2360,4
2361,2361,8
2362,2362,6
2363,2363,9
2364,2364,8
2365,2365,9
2366,2366,4
2367,2367,6
2368,2368,3
2369,2369,2
2370,2370,5
2371,2371,2
2372,2372,8
2373,2373,5
2374,2374,6
2375,2375,5
2376,2376,5
2377,2377,3
2378,2378,7
2379,2379,4
2380,2380,2
2381,2381,7
2382,2382,5
2383,2383,7
2384,2384,6
2385,2385,5
2386,2386,3
2387,2387,5
2388,2388,4
2389,2389,7
2390,2390,3
2391,2391,7
2392,2392,4
2393,2393,4
2394,2394,7
2395,2395,5
2396,2396,6
2397,2397,4
2398,2398,4
2399,2399,8
2400,2400,6
2401,2401,4
2402,2402,7
2403,2403,9
2404,2404,9
2405,2405,1
2406,2406,4
2407,2407,5
2408,2408,8
2409,2409,8
2410,2410,3
2411,2411,9
2412,2412,6
2413,2413,5
2414,2414,6
2415,2415,4
2416,2416,3
2417,2417,4
2418,2418,3
2419,2419,9
2420,2420,6
2421,2421,4
2422,2422,8
2423,2423,5
2424,2424,5
2425,2425,8
2426,2426,5
2427,2427,3
2428,2428,6
2429,2429,6
2430,2430,4
2431,2431,3
2432,2432,6
2433,2433,4
2434,2434,8
2435,2435,8
2436,2436,7
2437,2437,5
2438,2438,6
2439,2439,5
2440,2440,8
2441,2441,3
2442,2442,7
2443,2443,7
2444,2444,6
2445,2445,6
2446,2446,3
2447,2447,5
2448,2448,8
2449,2449,3
2450,2450,3
2451,2451,8
2452,2452,5
2453,2453,4
2454,2454,8
2455,2455,7
2456,2456,3
2457,2457,6
2458,2458,3
2459,2459,2
2460,2460,5
2461,2461,7
2462,2462,3
2463,2463,4
2464,2464,6
2465,2465,10
2466,2466,6
2467,2467,4
2468,2468,6
2469,2469,10
2470,2470,5
2471,2471,6
2472,2472,6
2473,2473,6
2474,2474,8
2475,2475,4
2476,2476,5
2477,2477,4
2478,2478,3
2479,2479,5
2480,2480,6
2481,2481,4
2482,2482,6
2483,2483,5
2484,2484,7
2485,2485,7
2486,2486,7
2487,2487,2
2488,2488,4
2489,2489,6
2490,2490,12
2491,2491,5
2492,2492,6
2493,2493,4
2494,2494,2
2495,2495,5
2496,2496,5
2497,2497,6
2498,2498,7
2499,2499,4
2500,2500,7
2501,2501,8
2502,2502,5
2503,2503,7
2504,2504,4
2505,2505,3
2506,2506,7
2507,2507,7
2508,2508,7
2509,2509,7
2510,2510,8
2511,2511,4
2512,2512,9
2513,2513,6
2514,2514,9
2515,2515,3
2516,2516,9
2517,2517,4
2518,2518,5
2519,2519,4
2520,2520,9
2521,2521,3
2522,2522,4
2523,2523,4
2524,2524,2
2525,2525,3
2526,2526,6
2527,2527,8
2528,2528,8
2529,2529,3
2530,2530,1
2531,2531,6
2532,2532,6
2533,2533,4
2534,2534,5
2535,2535,3
2536,2536,12
2537,2537,1
2538,2538,3
2539,2539,9
2540,2540,3
2541,2541,6
2542,2542,5
2543,2543,1
2544,2544,7
2545,2545,5
2546,2546,11
2547,2547,4
2548,2548,6
2549,2549,8
2550,2550,3
2551,2551,11
2552,2552,4
2553,2553,7
2554,2554,2
2555,2555,4
2556,2556,2
2557,2557,5
2558,2558,7
2559,2559,4
2560,2560,4
2561,2561,5
2562,2562,1
2563,2563,6
2564,2564,4
2565,2565,4
2566,2566,3
2567,2567,9
2568,2568,6
2569,2569,4
2570,2570,5
2571,2571,3
2572,2572,4
2573,2573,6
2574,2574,6
2575,2575,5
2576,2576,5
2577,2577,4
2578,2578,3
2579,2579,4
2580,2580,8
2581,2581,6
2582,2582,5
2583,2583,6
2584,2584,3
2585,2585,3
2586,2586,6
2587,2587,5
2588,2588,3
2589,2589,7
2590,2590,5
2591,2591,4
2592,2592,4
2593,2593,4
2594,2594,10
2595,2595,6
2596,2596,4
2597,2597,7
2598,2598,6
2599,2599,6
2600,2600,4
2601,2601,7
2602,2602,5
2603,2603,4
2604,2604,10
2605,2605,7
2606,2606,8
2607,2607,7
2608,2608,5
2609,2609,8
2610,2610,6
2611,2611,4
2612,2612,8
2613,2613,3
2614,2614,3
2615,2615,6
2616,2616,6
2617,2617,5
2618,2618,4
2619,2619,8
2620,2620,6
2621,2621,2
2622,2622,6
2623,2623,4
2624,2624,7
2625,2625,4
2626,2626,9
2627,2627,5
2628,2628,6
2629,2629,6
2630,2630,5
2631,2631,6
2632,2632,3
2633,2633,4
2634,2634,5
2635,2635,6
2636,2636,5
2637,2637,6
2638,2638,8
2639,2639,8
2640,2640,6
2641,2641,3
2642,2642,4
2643,2643,3
2644,2644,5
2645,2645,7
2646,2646,7
2647,2647,6
2648,2648,6
2649,2649,5
2650,2650,6
2651,2651,8
2652,2652,5
2653,2653,3
2654,2654,5
2655,2655,2
2656,2656,6
2657,2657,5
2658,2658,5
2659,2659,5
2660,2660,11
2661,2661,7
2662,2662,5
2663,2663,3
2664,2664,8
2665,2665,9
2666,2666,7
2667,2667,7
2668,2668,5
2669,2669,6
2670,2670,9
2671,2671,3
2672,2672,6
2673,2673,7
2674,2674,2
2675,2675,7
2676,2676,6
2677,2677,4
2678,2678,5
2679,2679,9
2680,2680,3
2681,2681,6
2682,2682,5
2683,2683,2
2684,2684,7
2685,2685,6
2686,2686,7
2687,2687,4
2688,2688,5
2689,2689,10
2690,2690,7
2691,2691,3
2692,2692,3
2693,2693,7
2694,2694,7
2695,2695,8
2696,2696,2
2697,2697,5
2698,2698,5
2699,2699,10
2700,2700,6
2701,2701,7
2702,2702,1
2703,2703,5
2704,2704,9
2705,2705,4
2706,2706,6
2707,2707,4
2708,2708,6
2709,2709,6
2710,2710,6
2711,2711,2
2712,2712,6
2713,2713,7
2714,2714,7
2715,2715,6
2716,2716,7
2717,2717,5
2718,2718,4
2719,2719,8
2720,2720,7
2721,2721,7
2722,2722,6
2723,2723,5
2724,2724,5
2725,2725,7
2726,2726,5
2727,2727,8
2728,2728,4
2729,2729,6
2730,2730,8
2731,2731,4
2732,2732,7
2733,2733,4
2734,2734,4
2735,2735,4
2736,2736,5
2737,2737,7
2738,2738,2
2739,2739,3
2740,2740,7
2741,2741,5
2742,2742,5
2743,2743,6
2744,2744,6
2745,2745,5
2746,2746,4
2747,2747,7
2748,2748,11
2749,2749,5
2750,2750,4
2751,2751,3
2752,2752,6
2753,2753,3
2754,2754,5
2755,2755,7
2756,2756,11
2757,2757,4
2758,2758,7
2759,2759,6
2760,2760,9
2761,2761,6
2762,2762,4
2763,2763,7
2764,2764,4
2765,2765,5
2766,2766,4
2767,2767,8
2768,2768,7
2769,2769,4
2770,2770,6
2771,2771,2
2772,2772,6
2773,2773,7
2774,2774,6
2775,2775,8
2776,2776,6
2777,2777,8
2778,2778,5
2779,2779,4
2780,2780,4
2781,2781,11
2782,2782,11
2783,2783,8
2784,2784,1
2785,2785,3
2786,2786,6
2787,2787,6
2788,2788,2
2789,2789,9
2790,2790,7
2791,2791,4
2792,2792,5
2793,2793,3
2794,2794,6
2795,2795,5
2796,2796,9
2797,2797,5
2798,2798,6
2799,2799,7
2800,2800,7
2801,2801,8
2802,2802,7
2803,2803,4
2804,2804,8
2805,2805,9
2806,2806,6
2807,2807,9
2808,2808,9
2809,2809,7
2810,2810,6
2811,2811,5
2812,2812,5
2813,2813,4
2814,2814,9
2815,2815,7
2816,2816,2
2817,2817,6
2818,2818,3
2819,2819,4
2820,2820,13
2821,2821,8
2822,2822,7
2823,2823,8
2824,2824,2
2825,2825,4
2826,2826,9
2827,2827,6
2828,2828,6
2829,2829,4
2830,2830,8
2831,2831,4
2832,2832,5
2833,2833,8
2834,2834,4
2835,2835,8
2836,2836,5
2837,2837,9
2838,2838,2
2839,2839,9
2840,2840,11
2841,2841,8
2842,2842,3
2843,2843,6
2844,2844,3
2845,2845,8
2846,2846,2
2847,2847,5
2848,2848,9
2849,2849,4
2850,2850,3
2851,2851,5
2852,2852,5
2853,2853,2
2854,2854,5
2855,2855,6
2856,2856,6
2857,2857,4
2858,2858,4
2859,2859,5
2860,2860,0
2861,2861,6
2862,2862,4
2863,2863,9
2864,2864,2
2865,2865,7
2866,2866,6
2867,2867,3
2868,2868,5
2869,2869,7
2870,2870,4
2871,2871,5
2872,2872,5
2873,2873,7
2874,2874,10
2875,2875,6
2876,2876,6
2877,2877,7
2878,2878,7
2879,2879,4
2880,2880,5
2881,2881,4
2882,2882,6
2883,2883,3
2884,2884,5
2885,2885,6
2886,2886,4
2887,2887,6
2888,2888,3
2889,2889,8
2890,2890,4
2891,2891,6
2892,2892,7
2893,2893,6
2894,2894,6
2895,2895,9
2896,2896,4
2897,2897,3
2898,2898,6
2899,2899,4
2900,2900,3
2901,2901,9
2902,2902,7
2903,2903,2
2904,2904,10
2905,2905,4
2906,2906,7
2907,2907,8
2908,2908,3
2909,2909,6
2910,2910,8
2911,2911,2
2912,2912,8
2913,2913,5
2914,2914,4
2915,2915,8
2916,2916,3
2917,2917,4
2918,2918,6
2919,2919,5
2920,2920,9
2921,2921,9
2922,2922,7
2923,2923,4
2924,2924,4
2925,2925,8
2926,2926,3
2927,2927,6
2928,2928,8
2929,2929,6
2930,2930,11
2931,2931,5
2932,2932,3
2933,2933,4
2934,2934,5
2935,2935,7
2936,2936,6
2937,2937,7
2938,2938,6
2939,2939,6
2940,2940,6
2941,2941,8
2942,2942,5
2943,2943,2
2944,2944,3
2945,2945,1
2946,2946,5
2947,2947,4
2948,2948,6
2949,2949,9
2950,2950,8
2951,2951,7
2952,2952,9
2953,2953,4
2954,2954,3
2955,2955,8
2956,2956,4
2957,2957,7
2958,2958,6
2959,2959,6
2960,2960,5
2961,2961,11
2962,2962,7
2963,2963,5
2964,2964,6
2965,2965,5
2966,2966,6
2967,2967,5
2968,2968,10
2969,2969,6
2970,2970,6
2971,2971,4
2972,2972,4
2973,2973,5
2974,2974,5
2975,2975,5
2976,2976,5
2977,2977,11
2978,2978,5
2979,2979,8
2980,2980,4
2981,2981,8
2982,2982,9
2983,2983,7
2984,2984,7
2985,2985,3
2986,2986,6
2987,2987,8
2988,2988,7
2989,2989,6
2990,2990,3
2991,2991,8
2992,2992,9
2993,2993,4
2994,2994,4
2995,2995,6
2996,2996,5
2997,2997,3
2998,2998,5
2999,2999,6
3000,3000,4
3001,3001,5
3002,3002,2
3003,3003,3
3004,3004,6
3005,3005,4
3006,3006,8
3007,3007,7
3008,3008,7
3009,3009,7
3010,3010,9
3011,3011,5
3012,3012,3
3013,3013,5
3014,3014,4
3015,3015,6
3016,3016,3
3017,3017,7
3018,3018,4
3019,3019,3
3020,3020,3
3021,3021,6
3022,3022,11
3023,3023,4
3024,3024,8
3025,3025,7
3026,3026,5
3027,3027,3
3028,3028,6
3029,3029,2
3030,3030,6
3031,3031,7
3032,3032,7
3033,3033,5
3034,3034,5
3035,3035,6
3036,3036,5
3037,3037,2
3038,3038,5
3039,3039,3
3040,3040,4
3041,3041,7
3042,3042,1
3043,3043,7
3044,3044,9
3045,3045,6
3046,3046,7
3047,3047,7
3048,3048,7
3049,3049,7
3050,3050,5
3051,3051,9
3052,3052,4
3053,3053,6
3054,3054,7
3055,3055,2
3056,3056,4
3057,3057,4
3058,3058,6
3059,3059,5
3060,3060,2
3061,3061,3
3062,3062,8
3063,3063,7
3064,3064,5
3065,3065,4
3066,3066,3
3067,3067,2
3068,3068,8
3069,3069,4
3070,3070,3
3071,3071,7
3072,3072,6
3073,3073,2
3074,3074,6
3075,3075,6
3076,3076,6
3077,3077,4
3078,3078,6
3079,3079,2
3080,3080,8
3081,3081,3
3082,3082,3
3083,3083,10
3084,3084,5
3085,3085,11
3086,3086,12
3087,3087,3
3088,3088,4
3089,3089,7
3090,3090,5
3091,3091,7
3092,3092,1
3093,3093,6
3094,3094,3
3095,3095,4
3096,3096,6
3097,3097,5
3098,3098,7
3099,3099,6
3100,3100,7
3101,3101,5
3102,3102,3
3103,3103,4
3104,3104,4
3105,3105,2
3106,3106,8
3107,3107,4
3108,3108,6
3109,3109,5
3110,3110,5
3111,3111,6
3112,3112,5
3113,3113,6
3114,3114,9
3115,3115,6
3116,3116,2
3117,3117,4
3118,3118,3
3119,3119,4
3120,3120,4
3121,3121,7
3122,3122,8
3123,3123,5
3124,3124,7
3125,3125,7
3126,3126,7
3127,3127,7
3128,3128,3
3129,3129,6
3130,3130,7
3131,3131,9
3132,3132,7
3133,3133,3
3134,3134,4
3135,3135,5
3136,3136,9
3137,3137,4
3138,3138,5
3139,3139,4
3140,3140,4
3141,3141,3
3142,3142,4
3143,3143,8
3144,3144,6
3145,3145,4
3146,3146,4
3147,3147,8
3148,3148,5
3149,3149,5
3150,3150,4
3151,3151,3
3152,3152,11
3153,3153,6
3154,3154,5
3155,3155,5
3156,3156,5
3157,3157,6
3158,3158,5
3159,3159,3
3160,3160,6
3161,3161,6
3162,3162,8
3163,3163,4
3164,3164,6
3165,3165,6
3166,3166,7
3167,3167,6
3168,3168,7
3169,3169,3
3170,3170,6
3171,3171,6
3172,3172,5
3173,3173,5
3174,3174,4
3175,3175,9
3176,3176,6
3177,3177,8
3178,3178,5
3179,3179,5
3180,3180,8
3181,3181,7
3182,3182,3
3183,3183,5
3184,3184,5
3185,3185,3
3186,3186,6
3187,3187,5
3188,3188,4
3189,3189,1
3190,3190,9
3191,3191,6
3192,3192,8
3193,3193,4
3194,3194,9
3195,3195,9
3196,3196,5
3197,3197,8
3198,3198,8
3199,3199,8
3200,3200,4
3201,3201,6
3202,3202,5
3203,3203,4
3204,3204,11
3205,3205,5
3206,3206,4
3207,3207,7
3208,3208,11
3209,3209,6
3210,3210,6
3211,3211,4
3212,3212,6
3213,3213,6
3214,3214,6
3215,3215,7
3216,3216,3
3217,3217,3
3218,3218,5
3219,3219,7
3220,3220,6
3221,3221,7
3222,3222,6
3223,3223,7
3224,3224,9
3225,3225,4
3226,3226,5
3227,3227,3
3228,3228,7
3229,3229,4
3230,3230,3
3231,3231,7
3232,3232,7
3233,3233,2
3234,3234,3
3235,3235,5
3236,3236,7
3237,3237,7
3238,3238,5
3239,3239,9
3240,3240,5
3241,3241,6
3242,3242,6
3243,3243,4
3244,3244,4
3245,3245,7
3246,3246,5
3247,3247,6
3248,3248,2
3249,3249,9
3250,3250,4
3251,3251,3
3252,3252,8
3253,3253,3
3254,3254,4
3255,3255,4
3256,3256,7
3257,3257,7
3258,3258,3
3259,3259,4
3260,3260,7
3261,3261,7
3262,3262,5
3263,3263,3
3264,3264,2
3265,3265,3
3266,3266,3
3267,3267,7
3268,3268,9
3269,3269,13
3270,3270,5
3271,3271,5
3272,3272,4
3273,3273,2
3274,3274,3
3275,3275,7
3276,3276,8
3277,3277,4
3278,3278,7
3279,3279,3
3280,3280,8
3281,3281,6
3282,3282,4
3283,3283,4
3284,3284,4
3285,3285,3
3286,3286,6
3287,3287,8
3288,3288,6
3289,3289,4
3290,3290,7
3291,3291,7
3292,3292,7
3293,3293,4
3294,3294,6
3295,3295,5
3296,3296,2
3297,3297,4
3298,3298,2
3299,3299,8
3300,3300,8
3301,3301,5
3302,3302,8
3303,3303,8
3304,3304,4
3305,3305,3
3306,3306,5
3307,3307,7
3308,3308,5
3309,3309,8
3310,3310,6
3311,3311,8
3312,3312,8
3313,3313,2
3314,3314,5
3315,3315,7
3316,3316,4
3317,3317,5
3318,3318,4
3319,3319,8
3320,3320,7
3321,3321,6
3322,3322,5
3323,3323,3
3324,3324,3
3325,3325,6
3326,3326,8
3327,3327,6
3328,3328,8
3329,3329,1
3330,3330,3
3331,3331,6
3332,3332,6
3333,3333,8
3334,3334,3
3335,3335,6
3336,3336,4
3337,3337,4
3338,3338,8
3339,3339,8
3340,3340,9
3341,3341,5
3342,3342,4
3343,3343,6
3344,3344,5
3345,3345,8
3346,3346,3
3347,3347,4
3348,3348,1
3349,3349,6
3350,3350,6
3351,3351,6
3352,3352,10
3353,3353,4
3354,3354,2
3355,3355,4
3356,3356,8
3357,3357,10
3358,3358,3
3359,3359,6
3360,3360,9
3361,3361,5
3362,3362,5
3363,3363,8
3364,3364,6
3365,3365,3
3366,3366,3
3367,3367,5
3368,3368,8
3369,3369,5
3370,3370,8
3371,3371,5
3372,3372,7
3373,3373,6
3374,3374,4
3375,3375,7
3376,3376,9
3377,3377,10
3378,3378,8
3379,3379,5
3380,3380,8
3381,3381,6
3382,3382,6
3383,3383,6
3384,3384,4
3385,3385,6
3386,3386,5
3387,3387,5
3388,3388,2
3389,3389,9
3390,3390,3
3391,3391,6
3392,3392,8
3393,3393,4
3394,3394,9
3395,3395,7
3396,3396,6
3397,3397,9
3398,3398,3
3399,3399,10
3400,3400,6
3401,3401,5
3402,3402,9
3403,3403,5
3404,3404,5
3405,3405,8
3406,3406,4
3407,3407,4
3408,3408,3
3409,3409,6
3410,3410,6
3411,3411,6
3412,3412,7
3413,3413,5
3414,3414,7
3415,3415,5
3416,3416,6
3417,3417,3
3418,3418,6
3419,3419,5
3420,3420,6
3421,3421,7
3422,3422,4
3423,3423,5
3424,3424,6
3425,3425,5
3426,3426,5
3427,3427,6
3428,3428,4
3429,3429,4
3430,3430,3
3431,3431,5
3432,3432,8
3433,3433,4
3434,3434,3
3435,3435,6
3436,3436,1
3437,3437,7
3438,3438,6
3439,3439,8
3440,3440,2
3441,3441,4
3442,3442,4
3443,3443,7
3444,3444,4
3445,3445,6
3446,3446,5
3447,3447,5
3448,3448,7
3449,3449,4
3450,3450,6
3451,3451,8
3452,3452,5
3453,3453,9
3454,3454,7
3455,3455,5
3456,3456,8
3457,3457,6
3458,3458,3
3459,3459,3
3460,3460,2
3461,3461,4
3462,3462,5
3463,3463,2
3464,3464,5
3465,3465,10
3466,3466,6
3467,3467,3
3468,3468,5
3469,3469,5
3470,3470,8
3471,3471,5
3472,3472,6
3473,3473,5
3474,3474,2
3475,3475,4
3476,3476,5
3477,3477,10
3478,3478,7
3479,3479,5
3480,3480,3
3481,3481,5
3482,3482,7
3483,3483,6
3484,3484,4
3485,3485,6
3486,3486,4
3487,3487,5
3488,3488,5
3489,3489,5
3490,3490,7
3491,3491,7
3492,3492,4
3493,3493,5
3494,3494,9
3495,3495,6
3496,3496,5
3497,3497,4
3498,3498,6
3499,3499,3
3500,3500,8
3501,3501,6
3502,3502,4
3503,3503,8
3504,3504,5
3505,3505,5
3506,3506,4
3507,3507,3
3508,3508,5
3509,3509,6
3510,3510,2
3511,3511,7
3512,3512,7
3513,3513,9
3514,3514,7
3515,3515,7
3516,3516,6
3517,3517,5
3518,3518,5
3519,3519,6
3520,3520,6
3521,3521,8
3522,3522,9
3523,3523,3
3524,3524,7
3525,3525,4
3526,3526,9
3527,3527,6
3528,3528,7
3529,3529,7
3530,3530,5
3531,3531,8
3532,3532,8
3533,3533,10
3534,3534,8
3535,3535,6
3536,3536,9
3537,3537,3
3538,3538,4
3539,3539,6
3540,3540,4
3541,3541,4
3542,3542,4
3543,3543,5
3544,3544,5
3545,3545,2
3546,3546,7
3547,3547,4
3548,3548,4
3549,3549,4
3550,3550,6
3551,3551,4
3552,3552,8
3553,3553,7
3554,3554,7
3555,3555,5
3556,3556,3
3557,3557,10
3558,3558,6
3559,3559,3
3560,3560,7
3561,3561,5
3562,3562,4
3563,3563,6
3564,3564,5
3565,3565,4
3566,3566,6
3567,3567,7
3568,3568,6
3569,3569,2
3570,3570,4
3571,3571,5
3572,3572,4
3573,3573,8
3574,3574,4
3575,3575,0
3576,3576,8
3577,3577,7
3578,3578,3
3579,3579,8
3580,3580,3
3581,3581,2
3582,3582,5
3583,3583,3
3584,3584,7
3585,3585,9
3586,3586,1
3587,3587,7
3588,3588,3
3589,3589,4
3590,3590,5
3591,3591,7
3592,3592,1
3593,3593,7
3594,3594,7
3595,3595,8
3596,3596,6
3597,3597,7
3598,3598,4
3599,3599,4
3600,3600,6
3601,3601,5
3602,3602,6
3603,3603,3
3604,3604,2
3605,3605,5
3606,3606,6
3607,3607,8
3608,3608,4
3609,3609,5
3610,3610,5
3611,3611,5
3612,3612,5
3613,3613,7
3614,3614,8
3615,3615,4
3616,3616,5
3617,3617,6
3618,3618,5
3619,3619,3
3620,3620,7
3621,3621,9
3622,3622,4
3623,3623,7
3624,3624,13
3625,3625,4
3626,3626,1
3627,3627,9
3628,3628,6
3629,3629,5
3630,3630,4
3631,3631,5
3632,3632,8
3633,3633,3
3634,3634,8
3635,3635,5
3636,3636,9
3637,3637,8
3638,3638,4
3639,3639,7
3640,3640,3
3641,3641,6
3642,3642,4
3643,3643,10
3644,3644,4
3645,3645,6
3646,3646,7
3647,3647,7
3648,3648,4
3649,3649,7
3650,3650,2
3651,3651,8
3652,3652,5
3653,3653,3
3654,3654,4
3655,3655,7
3656,3656,5
3657,3657,2
3658,3658,7
3659,3659,9
3660,3660,7
3661,3661,5
3662,3662,5
3663,3663,6
3664,3664,5
3665,3665,5
3666,3666,8
3667,3667,6
3668,3668,5
3669,3669,3
3670,3670,9
3671,3671,6
3672,3672,2
3673,3673,6
3674,3674,3
3675,3675,4
3676,3676,6
3677,3677,5
3678,3678,6
3679,3679,9
3680,3680,5
3681,3681,6
3682,3682,5
3683,3683,7
3684,3684,5
3685,3685,3
3686,3686,4
3687,3687,4
3688,3688,2
3689,3689,7
3690,3690,7
3691,3691,6
3692,3692,10
3693,3693,9
3694,3694,9
3695,3695,2
3696,3696,5
3697,3697,4
3698,3698,6
3699,3699,4
3700,3700,4
3701,3701,5
3702,3702,6
3703,3703,2
3704,3704,3
3705,3705,4
3706,3706,8
3707,3707,5
3708,3708,8
3709,3709,4
3710,3710,4
3711,3711,8
3712,3712,8
3713,3713,5
3714,3714,3
3715,3715,8
3716,3716,5
3717,3717,4
3718,3718,3
3719,3719,7
3720,3720,9
3721,3721,4
3722,3722,5
3723,3723,4
3724,3724,4
3725,3725,6
3726,3726,7
3727,3727,4
3728,3728,1
3729,3729,3
3730,3730,8
3731,3731,3
3732,3732,7
3733,3733,6
3734,3734,2
3735,3735,4
3736,3736,7
3737,3737,10
3738,3738,5
3739,3739,3
3740,3740,8
3741,3741,7
3742,3742,4
3743,3743,3
3744,3744,2
3745,3745,3
3746,3746,6
3747,3747,3
3748,3748,3
3749,3749,5
3750,3750,4
3751,3751,5
3752,3752,4
3753,3753,3
3754,3754,10
3755,3755,4
3756,3756,4
3757,3757,4
3758,3758,6
3759,3759,3
3760,3760,4
3761,3761,7
3762,3762,5
3763,3763,8
3764,3764,4
3765,3765,4
3766,3766,5
3767,3767,5
3768,3768,3
3769,3769,6
3770,3770,4
3771,3771,5
3772,3772,3
3773,3773,5
3774,3774,3
3775,3775,5
3776,3776,5
3777,3777,5
3778,3778,4
3779,3779,7
3780,3780,8
3781,3781,6
3782,3782,5
3783,3783,3
3784,3784,11
3785,3785,9
3786,3786,1
3787,3787,4
3788,3788,6
3789,3789,6
3790,3790,4
3791,3791,3
3792,3792,4
3793,3793,5
3794,3794,8
3795,3795,6
3796,3796,6
3797,3797,4
3798,3798,6
3799,3799,3
3800,3800,7
3801,3801,9
3802,3802,6
3803,3803,7
3804,3804,3
3805,3805,5
3806,3806,6
3807,3807,4
3808,3808,4
3809,3809,8
3810,3810,6
3811,3811,5
3812,3812,4
3813,3813,8
3814,3814,4
3815,3815,3
3816,3816,7
3817,3817,6
3818,3818,4
3819,3819,7
3820,3820,8
3821,3821,4
3822,3822,9
3823,3823,7
3824,3824,7
3825,3825,6
3826,3826,6
3827,3827,6
3828,3828,10
3829,3829,7
3830,3830,5
3831,3831,4
3832,3832,2
3833,3833,8
3834,3834,2
3835,3835,3
3836,3836,5
3837,3837,4
3838,3838,10
3839,3839,5
3840,3840,6
3841,3841,5
3842,3842,4
3843,3843,13
3844,3844,6
3845,3845,3
3846,3846,7
3847,3847,3
3848,3848,7
3849,3849,3
3850,3850,3
3851,3851,5
3852,3852,7
3853,3853,5
3854,3854,4
3855,3855,7
3856,3856,10
3857,3857,3
3858,3858,6
3859,3859,5
3860,3860,6
3861,3861,4
3862,3862,2
3863,3863,8
3864,3864,8
3865,3865,6
3866,3866,6
3867,3867,3
3868,3868,7
3869,3869,5
3870,3870,3
3871,3871,7
3872,3872,8
3873,3873,2
3874,3874,5
3875,3875,5
3876,3876,5
3877,3877,6
3878,3878,6
3879,3879,5
3880,3880,5
3881,3881,8
3882,3882,4
3883,3883,1
3884,3884,4
3885,3885,6
3886,3886,4
3887,3887,4
3888,3888,7
3889,3889,6
3890,3890,5
3891,3891,7
3892,3892,9
3893,3893,5
3894,3894,4
3895,3895,6
3896,3896,9
3897,3897,7
3898,3898,4
3899,3899,4
3900,3900,4
3901,3901,6
3902,3902,3
3903,3903,2
3904,3904,6
3905,3905,3
3906,3906,8
3907,3907,9
3908,3908,3
3909,3909,6
3910,3910,7
3911,3911,7
3912,3912,6
3913,3913,3
3914,3914,5
3915,3915,5
3916,3916,7
3917,3917,4
3918,3918,6
3919,3919,6
3920,3920,8
3921,3921,8
3922,3922,4
3923,3923,7
3924,3924,7
3925,3925,5
3926,3926,6
3927,3927,7
3928,3928,9
3929,3929,1
3930,3930,5
3931,3931,5
3932,3932,4
3933,3933,4
3934,3934,3
3935,3935,6
3936,3936,11
3937,3937,8
3938,3938,6
3939,3939,5
3940,3940,6
3941,3941,3
3942,3942,7
3943,3943,7
3944,3944,3
3945,3945,10
3946,3946,4
3947,3947,6
3948,3948,8
3949,3949,8
3950,3950,3
3951,3951,4
3952,3952,3
3953,3953,5
3954,3954,5
3955,3955,5
3956,3956,6
3957,3957,6
3958,3958,2
3959,3959,7
3960,3960,4
3961,3961,2
3962,3962,6
3963,3963,1
3964,3964,3
3965,3965,1
3966,3966,6
3967,3967,8
3968,3968,6
3969,3969,5
3970,3970,4
3971,3971,6
3972,3972,7
3973,3973,7
3974,3974,4
3975,3975,5
3976,3976,4
3977,3977,4
3978,3978,3
3979,3979,3
3980,3980,7
3981,3981,3
3982,3982,5
3983,3983,4
3984,3984,7
3985,3985,5
3986,3986,2
3987,3987,2
3988,3988,9
3989,3989,8
3990,3990,5
3991,3991,8
3992,3992,6
3993,3993,5
3994,3994,7
3995,3995,4
3996,3996,5
3997,3997,5
3998,3998,8
3999,3999,8
4000,4000,8
4001,4001,7
4002,4002,1
4003,4003,3
4004,4004,4
4005,4005,4
4006,4006,2
4007,4007,3
4008,4008,6
4009,4009,3
4010,4010,6
4011,4011,6
4012,4012,10
4013,4013,7
4014,4014,9
4015,4015,4
4016,4016,5
4017,4017,5
4018,4018,3
4019,4019,12
4020,4020,6
4021,4021,4
4022,4022,3
4023,4023,7
4024,4024,5
4025,4025,4
4026,4026,5
4027,4027,9
4028,4028,8
4029,4029,7
4030,4030,4
4031,4031,6
4032,4032,5
4033,4033,6
4034,4034,5
4035,4035,9
4036,4036,0
4037,4037,3
4038,4038,3
4039,4039,6
4040,4040,3
4041,4041,5
4042,4042,10
4043,4043,6
4044,4044,5
4045,4045,5
4046,4046,8
4047,4047,6
4048,4048,7
4049,4049,8
4050,4050,9
4051,4051,4
4052,4052,2
4053,4053,6
4054,4054,8
4055,4055,4
4056,4056,5
4057,4057,3
4058,4058,8
4059,4059,3
4060,4060,2
4061,4061,2
4062,4062,7
4063,4063,3
4064,4064,3
4065,4065,5
4066,4066,6
4067,4067,5
4068,4068,6
4069,4069,5
4070,4070,5
4071,4071,4
4072,4072,3
4073,4073,6
4074,4074,6
4075,4075,7
4076,4076,4
4077,4077,3
4078,4078,10
4079,4079,9
4080,4080,2
4081,4081,5
4082,4082,4
4083,4083,5
4084,4084,6
4085,4085,8
4086,4086,9
4087,4087,5
4088,4088,2
4089,4089,4
4090,4090,7
4091,4091,8
4092,4092,4
4093,4093,3
4094,4094,6
4095,4095,6
4096,4096,6
4097,4097,6
4098,4098,4
4099,4099,5
4100,4100,4
4101,4101,1
4102,4102,6
4103,4103,4
4104,4104,2
4105,4105,3
4106,4106,6
4107,4107,6
4108,4108,5
4109,4109,9
4110,4110,2
4111,4111,7
4112,4112,5
4113,4113,9
4114,4114,5
4115,4115,5
4116,4116,2
4117,4117,7
4118,4118,10
4119,4119,4
4120,4120,6
4121,4121,2
4122,4122,3
4123,4123,4
4124,4124,2
4125,4125,4
4126,4126,5
4127,4127,7
4128,4128,6
4129,4129,3
4130,4130,8
4131,4131,3
4132,4132,10
4133,4133,9
4134,4134,4
4135,4135,9
4136,4136,5
4137,4137,6
4138,4138,5
4139,4139,6
4140,4140,9
4141,4141,6
4142,4142,5
4143,4143,7
4144,4144,3
4145,4145,5
4146,4146,8
4147,4147,7
4148,4148,8
4149,4149,4
4150,4150,5
4151,4151,8
4152,4152,2
4153,4153,7
4154,4154,5
4155,4155,3
4156,4156,4
4157,4157,9
4158,4158,7
4159,4159,6
4160,4160,6
4161,4161,5
4162,4162,2
4163,4163,3
4164,4164,6
4165,4165,7
4166,4166,5
4167,4167,7
4168,4168,4
4169,4169,5
4170,4170,4
4171,4171,6
4172,4172,10
4173,4173,4
4174,4174,5
4175,4175,9
4176,4176,5
4177,4177,6
4178,4178,8
4179,4179,4
4180,4180,7
4181,4181,4
4182,4182,10
4183,4183,7
4184,4184,10
4185,4185,2
4186,4186,5
4187,4187,5
4188,4188,5
4189,4189,6
4190,4190,6
4191,4191,3
4192,4192,2
4193,4193,4
4194,4194,3
4195,4195,6
4196,4196,8
4197,4197,2
4198,4198,4
4199,4199,4
4200,4200,7
4201,4201,3
4202,4202,4
4203,4203,9
4204,4204,8
4205,4205,6
4206,4206,6
4207,4207,5
4208,4208,5
4209,4209,8
4210,4210,4
4211,4211,5
4212,4212,7
4213,4213,3
4214,4214,6
4215,4215,6
4216,4216,5
4217,4217,2
4218,4218,12
4219,4219,5
4220,4220,7
4221,4221,6
4222,4222,6
4223,4223,4
4224,4224,1
4225,4225,4
4226,4226,6
4227,4227,2
4228,4228,3
4229,4229,6
4230,4230,8
4231,4231,9
4232,4232,7
4233,4233,2
4234,4234,7
4235,4235,5
4236,4236,3
4237,4237,4
4238,4238,7
4239,4239,7
4240,4240,3
4241,4241,5
4242,4242,3
4243,4243,4
4244,4244,10
4245,4245,8
4246,4246,7
4247,4247,4
4248,4248,9
4249,4249,8
4250,4250,5
4251,4251,5
4252,4252,4
4253,4253,6
4254,4254,7
4255,4255,6
4256,4256,1
4257,4257,6
4258,4258,9
4259,4259,7
4260,4260,5
4261,4261,8
4262,4262,5
4263,4263,2
4264,4264,4
4265,4265,7
4266,4266,5
4267,4267,5
4268,4268,5
4269,4269,6
4270,4270,3
4271,4271,6
4272,4272,6
4273,4273,4
4274,4274,10
4275,4275,7
4276,4276,10
4277,4277,1
4278,4278,4
4279,4279,7
4280,4280,3
4281,4281,9
4282,4282,5
4283,4283,4
4284,4284,8
4285,4285,6
4286,4286,3
4287,4287,5
4288,4288,4
4289,4289,5
4290,4290,6
4291,4291,5
4292,4292,7
4293,4293,5
4294,4294,9
4295,4295,5
4296,4296,10
4297,4297,5
4298,4298,4
4299,4299,5
4300,4300,5
4301,4301,6
4302,4302,10
4303,4303,1
4304,4304,4
4305,4305,6
4306,4306,5
4307,4307,5
4308,4308,6
4309,4309,3
4310,4310,8
4311,4311,9
4312,4312,8
4313,4313,9
4314,4314,7
4315,4315,7
4316,4316,5
4317,4317,6
4318,4318,4
4319,4319,1
4320,4320,5
4321,4321,3
4322,4322,7
4323,4323,9
4324,4324,3
4325,4325,6
4326,4326,6
4327,4327,4
4328,4328,2
4329,4329,6
4330,4330,4
4331,4331,5
4332,4332,8
4333,4333,4
4334,4334,4
4335,4335,7
4336,4336,5
4337,4337,5
4338,4338,4
4339,4339,4
4340,4340,4
4341,4341,3
4342,4342,7
4343,4343,5
4344,4344,5
4345,4345,7
4346,4346,6
4347,4347,4
4348,4348,5
4349,4349,6
4350,4350,8
4351,4351,7
4352,4352,4
4353,4353,6
4354,4354,3
4355,4355,1
4356,4356,2
4357,4357,5
4358,4358,9
4359,4359,8
4360,4360,5
4361,4361,5
4362,4362,7
4363,4363,8
4364,4364,6
4365,4365,0
4366,4366,6
4367,4367,4
4368,4368,8
4369,4369,6
4370,4370,3
4371,4371,5
4372,4372,5
4373,4373,5
4374,4374,3
4375,4375,5
4376,4376,8
4377,4377,4
4378,4378,7
4379,4379,7
4380,4380,4
4381,4381,4
4382,4382,4
4383,4383,4
4384,4384,7
4385,4385,1
4386,4386,6
4387,4387,5
4388,4388,2
4389,4389,6
4390,4390,7
4391,4391,6
4392,4392,7
4393,4393,3
4394,4394,5
4395,4395,5
4396,4396,5
4397,4397,1
4398,4398,2
4399,4399,1
4400,4400,6
4401,4401,4
4402,4402,3
4403,4403,8
4404,4404,6
4405,4405,6
4406,4406,6
4407,4407,6
4408,4408,10
4409,4409,5
4410,4410,8
4411,4411,4
4412,4412,9
4413,4413,6
4414,4414,5
4415,4415,5
4416,4416,2
4417,4417,6
4418,4418,6
4419,4419,7
4420,4420,6
4421,4421,8
4422,4422,5
4423,4423,6
4424,4424,6
4425,4425,5
4426,4426,7
4427,4427,4
4428,4428,7
4429,4429,4
4430,4430,6
4431,4431,3
4432,4432,4
4433,4433,4
4434,4434,10
4435,4435,6
4436,4436,7
4437,4437,8
4438,4438,4
4439,4439,6
4440,4440,6
4441,4441,2
4442,4442,5
4443,4443,5
4444,4444,10
4445,4445,4
4446,4446,6
4447,4447,5
4448,4448,4
4449,4449,3
4450,4450,5
4451,4451,5
4452,4452,4
4453,4453,2
4454,4454,2
4455,4455,4
4456,4456,3
4457,4457,4
4458,4458,6
4459,4459,2
4460,4460,6
4461,4461,7
4462,4462,6
4463,4463,8
4464,4464,7
4465,4465,4
4466,4466,7
4467,4467,3
4468,4468,3
4469,4469,5
4470,4470,6
4471,4471,8
4472,4472,6
4473,4473,5
4474,4474,5
4475,4475,6
4476,4476,9
4477,4477,6
4478,4478,7
4479,4479,9
4480,4480,6
4481,4481,10
4482,4482,9
4483,4483,5
4484,4484,6
4485,4485,3
4486,4486,7
4487,4487,6
4488,4488,8
4489,4489,7
4490,4490,7
4491,4491,4
4492,4492,7
4493,4493,5
4494,4494,6
4495,4495,9
4496,4496,4
4497,4497,3
4498,4498,5
4499,4499,4
4500,4500,2
4501,4501,9
4502,4502,7
4503,4503,6
4504,4504,7
4505,4505,7
4506,4506,2
4507,4507,10
4508,4508,7
4509,4509,6
4510,4510,1
4511,4511,3
4512,4512,7
4513,4513,5
4514,4514,3
4515,4515,4
4516,4516,4
4517,4517,4
4518,4518,6
4519,4519,11
4520,4520,5
4521,4521,4
4522,4522,5
4523,4523,6
4524,4524,5
4525,4525,5
4526,4526,4
4527,4527,2
4528,4528,8
4529,4529,8
4530,4530,3
4531,4531,8
4532,4532,3
4533,4533,8
4534,4534,9
4535,4535,7
4536,4536,6
4537,4537,5
4538,4538,9
4539,4539,8
4540,4540,4
4541,4541,4
4542,4542,8
4543,4543,4
4544,4544,8
4545,4545,9
4546,4546,2
4547,4547,7
4548,4548,7
4549,4549,4
4550,4550,6
4551,4551,3
4552,4552,5
4553,4553,6
4554,4554,6
4555,4555,5
4556,4556,7
4557,4557,4
4558,4558,7
4559,4559,3
4560,4560,6
4561,4561,8
4562,4562,5
4563,4563,6
4564,4564,7
4565,4565,4
4566,4566,5
4567,4567,4
4568,4568,9
4569,4569,2
4570,4570,3
4571,4571,8
4572,4572,6
4573,4573,4
4574,4574,6
4575,4575,5
4576,4576,6
4577,4577,5
4578,4578,3
4579,4579,5
4580,4580,1
4581,4581,3
4582,4582,9
4583,4583,4
4584,4584,7
4585,4585,5
4586,4586,4
4587,4587,8
4588,4588,5
4589,4589,8
4590,4590,1
4591,4591,4
4592,4592,5
4593,4593,4
4594,4594,7
4595,4595,4
4596,4596,3
4597,4597,2
4598,4598,4
4599,4599,5
4600,4600,1
4601,4601,8
4602,4602,3
4603,4603,10
4604,4604,9
4605,4605,5
4606,4606,3
4607,4607,6
4608,4608,6
4609,4609,3
4610,4610,6
4611,4611,3
4612,4612,6
4613,4613,2
4614,4614,6
4615,4615,1
4616,4616,5
4617,4617,7
4618,4618,8
4619,4619,2
4620,4620,1
4621,4621,3
4622,4622,6
4623,4623,4
4624,4624,7
4625,4625,7
4626,4626,6
4627,4627,3
4628,4628,3
4629,4629,2
4630,4630,5
4631,4631,6
4632,4632,8
4633,4633,4
4634,4634,4
4635,4635,4
4636,4636,4
4637,4637,3
4638,4638,8
4639,4639,4
4640,4640,7
4641,4641,5
4642,4642,5
4643,4643,6
4644,4644,5
4645,4645,4
4646,4646,8
4647,4647,10
4648,4648,4
4649,4649,8
4650,4650,6
4651,4651,6
4652,4652,5
4653,4653,5
4654,4654,4
4655,4655,7
4656,4656,2
4657,4657,5
4658,4658,9
4659,4659,7
4660,4660,8
4661,4661,4
4662,4662,1
4663,4663,9
4664,4664,6
4665,4665,5
4666,4666,2
4667,4667,6
4668,4668,3
4669,4669,4
4670,4670,4
4671,4671,4
4672,4672,5
4673,4673,8
4674,4674,5
4675,4675,5
4676,4676,3
4677,4677,7
4678,4678,4
4679,4679,5
4680,4680,7
4681,4681,2
4682,4682,5
4683,4683,5
4684,4684,5
4685,4685,5
4686,4686,6
4687,4687,3
4688,4688,8
4689,4689,5
4690,4690,7
4691,4691,4
4692,4692,7
4693,4693,3
4694,4694,6
4695,4695,5
4696,4696,2
4697,4697,3
4698,4698,3
4699,4699,4
4700,4700,6
4701,4701,6
4702,4702,7
4703,4703,4
4704,4704,5
4705,4705,4
4706,4706,3
4707,4707,5
4708,4708,4
4709,4709,7
4710,4710,7
4711,4711,5
4712,4712,3
4713,4713,11
4714,4714,5
4715,4715,10
4716,4716,6
4717,4717,7
4718,4718,5
4719,4719,7
4720,4720,4
4721,4721,3
4722,4722,4
4723,4723,5
4724,4724,2
4725,4725,7
4726,4726,6
4727,4727,2
4728,4728,8
4729,4729,2
4730,4730,4
4731,4731,6
4732,4732,4
4733,4733,6
4734,4734,3
4735,4735,4
4736,4736,6
4737,4737,6
4738,4738,12
4739,4739,3
4740,4740,6
4741,4741,5
4742,4742,5
4743,4743,6
4744,4744,7
4745,4745,8
4746,4746,5
4747,4747,4
4748,4748,7
4749,4749,6
4750,4750,6
4751,4751,6
4752,4752,7
4753,4753,8
4754,4754,3
4755,4755,7
4756,4756,4
4757,4757,6
4758,4758,4
4759,4759,2
4760,4760,5
4761,4761,5
4762,4762,6
4763,4763,6
4764,4764,4
4765,4765,3
4766,4766,9
4767,4767,5
4768,4768,9
4769,4769,3
4770,4770,6
4771,4771,4
4772,4772,6
4773,4773,5
4774,4774,5
4775,4775,4
4776,4776,6
4777,4777,5
4778,4778,2
4779,4779,6
4780,4780,9
4781,4781,7
4782,4782,4
4783,4783,5
4784,4784,7
4785,4785,9
4786,4786,9
4787,4787,6
4788,4788,7
4789,4789,5
4790,4790,8
4791,4791,6
4792,4792,5
4793,4793,6
4794,4794,4
4795,4795,4
4796,4796,4
4797,4797,3
4798,4798,6
4799,4799,5
4800,4800,2
4801,4801,5
4802,4802,5
4803,4803,6
4804,4804,7
4805,4805,5
4806,4806,4
4807,4807,2
4808,4808,5
4809,4809,8
4810,4810,4
4811,4811,4
4812,4812,6
4813,4813,5
4814,4814,6
4815,4815,4
4816,4816,6
4817,4817,11
4818,4818,5
4819,4819,5
4820,4820,6
4821,4821,6
4822,4822,6
4823,4823,2
4824,4824,3
4825,4825,3
4826,4826,7
4827,4827,5
4828,4828,4
4829,4829,0
